id;id_kamar;kode_kasur;status;status_operasional;keterangan;created_at;updated_at
9;3;Bed 1;1;available;;now();now()
10;4;Bed 1;1;available;;now();now()
11;5;Bed 1;1;available;;now();now()
12;6;Bed 1;1;available;;now();now()
13;7;Bed 1;1;available;;now();now()
14;8;Bed 1;1;available;;now();now()
15;8;Bed 2;1;available;;now();now()
16;8;Bed 3;1;available;;now();now()
17;8;Bed 4;1;available;;now();now()
18;9;Bed 1;1;available;;now();now()
19;9;Bed 2;1;available;;now();now()
20;9;Bed 3;1;available;;now();now()
21;9;Bed 4;1;available;;now();now()
22;12;Bed 1;1;available;;now();now()
23;12;Bed 2;1;available;;now();now()
24;12;Bed 3;1;available;;now();now()
25;12;Bed 4;1;available;;now();now()
26;13;Bed 1;1;available;;now();now()
27;14;Bed 1;1;available;;now();now()
28;15;Bed 1;1;available;;now();now()
29;16;Bed 1;1;available;;now();now()
30;17;Bed 1;1;available;;now();now()
31;18;Bed 1;1;available;;now();now()
32;19;Bed 1;1;available;;now();now()
33;20;Bed 1;1;available;;now();now()
34;21;Bed 1;1;available;;now();now()
35;22;Bed 1;1;available;;now();now()
36;23;Bed 1;1;available;;now();now()
37;24;Bed 1;1;available;;now();now()
38;25;Bed 1;1;available;;now();now()
39;26;Bed 1;1;available;;now();now()
40;26;Bed 2;1;available;;now();now()
41;26;Bed 3;1;available;;now();now()
42;26;Bed 4;1;available;;now();now()
43;27;Bed 1;1;available;;now();now()
44;27;Bed 2;1;available;;now();now()
45;27;Bed 3;1;available;;now();now()
46;27;Bed 4;1;available;;now();now()
47;28;Bed 1;1;available;;now();now()
48;28;Bed 2;1;available;;now();now()
49;28;Bed 3;1;available;;now();now()
50;28;Bed 4;1;available;;now();now()
51;29;Bed 1;1;available;;now();now()
52;29;Bed 2;1;available;;now();now()
53;29;Bed 3;1;available;;now();now()
54;29;Bed 4;1;available;;now();now()
55;30;Bed 1;1;available;;now();now()
56;30;Bed 2;1;available;;now();now()
57;30;Bed 3;1;available;;now();now()
58;30;Bed 4;1;available;;now();now()
59;31;Bed 1;1;available;;now();now()
60;31;Bed 2;1;available;;now();now()
61;31;Bed 3;1;available;;now();now()
62;31;Bed 4;1;available;;now();now()
63;32;Bed 1;1;available;;now();now()
64;32;Bed 2;1;available;;now();now()
65;32;Bed 3;1;available;;now();now()
66;32;Bed 4;1;available;;now();now()
67;33;Bed 1;1;available;;now();now()
68;33;Bed 2;1;available;;now();now()
69;33;Bed 3;1;available;;now();now()
70;33;Bed 4;1;available;;now();now()
71;34;Bed 1;1;available;;now();now()
72;34;Bed 2;1;available;;now();now()
73;34;Bed 3;1;available;;now();now()
74;34;Bed 4;1;available;;now();now()
75;35;Bed 1;1;available;;now();now()
76;35;Bed 2;1;available;;now();now()
77;35;Bed 3;1;available;;now();now()
78;35;Bed 4;1;available;;now();now()
79;36;Bed 1;1;available;;now();now()
80;36;Bed 2;1;available;;now();now()
81;36;Bed 3;1;available;;now();now()
82;36;Bed 4;1;available;;now();now()
83;37;Bed 1;1;available;;now();now()
84;37;Bed 2;1;available;;now();now()
85;37;Bed 3;1;available;;now();now()
86;37;Bed 4;1;available;;now();now()
87;38;Bed 1;1;available;;now();now()
88;38;Bed 2;1;available;;now();now()
89;38;Bed 3;1;available;;now();now()
90;38;Bed 4;1;available;;now();now()
91;39;Bed 1;1;available;;now();now()
92;39;Bed 2;1;available;;now();now()
93;39;Bed 3;1;available;;now();now()
94;39;Bed 4;1;available;;now();now()
95;40;Bed 1;1;available;;now();now()
96;40;Bed 2;1;available;;now();now()
97;40;Bed 3;1;available;;now();now()
98;40;Bed 4;1;available;;now();now()
99;41;Bed 1;1;available;;now();now()
100;41;Bed 2;1;available;;now();now()
101;41;Bed 3;1;available;;now();now()
102;41;Bed 4;1;available;;now();now()
103;42;Bed 1;1;available;;now();now()
104;42;Bed 2;1;available;;now();now()
105;42;Bed 3;1;available;;now();now()
106;42;Bed 4;1;available;;now();now()
107;43;Bed 1;1;available;;now();now()
108;43;Bed 2;1;available;;now();now()
109;43;Bed 3;1;available;;now();now()
110;43;Bed 4;1;available;;now();now()
111;44;Bed 1;1;available;;now();now()
112;44;Bed 2;1;available;;now();now()
113;44;Bed 3;1;available;;now();now()
114;44;Bed 4;1;available;;now();now()
115;45;Bed 1;1;available;;now();now()
116;45;Bed 2;1;available;;now();now()
117;45;Bed 3;1;available;;now();now()
118;45;Bed 4;1;available;;now();now()
119;46;Bed 1;1;available;;now();now()
120;46;Bed 2;1;available;;now();now()
121;46;Bed 3;1;available;;now();now()
122;46;Bed 4;1;available;;now();now()
123;47;Bed 1;1;available;;now();now()
124;47;Bed 2;1;available;;now();now()
125;47;Bed 3;1;available;;now();now()
126;47;Bed 4;1;available;;now();now()
127;48;Bed 1;1;available;;now();now()
128;48;Bed 2;1;available;;now();now()
129;48;Bed 3;1;available;;now();now()
130;48;Bed 4;1;available;;now();now()
131;49;Bed 1;1;available;;now();now()
132;49;Bed 2;1;available;;now();now()
133;49;Bed 3;1;available;;now();now()
134;49;Bed 4;1;available;;now();now()
135;50;Bed 1;1;available;;now();now()
136;50;Bed 2;1;available;;now();now()
137;50;Bed 3;1;available;;now();now()
138;50;Bed 4;1;available;;now();now()
139;51;Bed 1;1;available;;now();now()
140;51;Bed 2;1;available;;now();now()
141;51;Bed 3;1;available;;now();now()
142;51;Bed 4;1;available;;now();now()
143;52;Bed 1;1;available;;now();now()
144;52;Bed 2;1;available;;now();now()
145;52;Bed 3;1;available;;now();now()
146;52;Bed 4;1;available;;now();now()
147;53;Bed 1;1;available;;now();now()
148;53;Bed 2;1;available;;now();now()
149;53;Bed 3;1;available;;now();now()
150;53;Bed 4;1;available;;now();now()
151;54;Bed 1;1;available;;now();now()
152;54;Bed 2;1;available;;now();now()
153;54;Bed 3;1;available;;now();now()
154;54;Bed 4;1;available;;now();now()
155;55;Bed 1;1;available;;now();now()
156;55;Bed 2;1;available;;now();now()
157;55;Bed 3;1;available;;now();now()
158;55;Bed 4;1;available;;now();now()
159;56;Bed 1;1;available;;now();now()
160;56;Bed 2;1;available;;now();now()
161;57;Bed 1;1;available;;now();now()
162;57;Bed 2;1;available;;now();now()
163;58;Bed 1;1;available;;now();now()
164;58;Bed 2;1;available;;now();now()
165;59;Bed 1;1;available;;now();now()
166;59;Bed 2;1;available;;now();now()
167;60;Bed 1;1;available;;now();now()
168;60;Bed 2;1;available;;now();now()
169;61;Bed 1;1;available;;now();now()
170;61;Bed 2;1;available;;now();now()
171;62;Bed 1;1;available;;now();now()
172;62;Bed 2;1;available;;now();now()
173;63;Bed 1;1;available;;now();now()
174;63;Bed 2;1;available;;now();now()
175;64;Bed 1;1;available;;now();now()
176;64;Bed 2;1;available;;now();now()
177;65;Bed 1;1;available;;now();now()
178;65;Bed 2;1;available;;now();now()
179;66;Bed 1;1;available;;now();now()
180;66;Bed 2;1;available;;now();now()
181;67;Bed 1;1;available;;now();now()
182;67;Bed 2;1;available;;now();now()
183;68;Bed 1;1;available;;now();now()
184;68;Bed 2;1;available;;now();now()
