NO.,NAMA,SPESIALIS
1,"DR. dr. Yahya Marpaung, Sp.B, FINACS",BEDAH UMUM
2,"dr. I Piet Iskandar, MD, MS, FINACS",BEDAH UMUM
3,"dr. Musrineldy, Sp. B",BEDAH UMUM
4,"dr. Hendra Maska, Sp.OT (K)",BEDAH TULANG
5,"DR. dr. Alvarino, Sp.B, Sp.U (K)",UROLOGI
6,"dr. Ari Oktavenra, Sp.B (K) Onk",ONKOLOGI
7,"dr. Alexander Cahyadi, Sp.BS - F.N - Onk",BEDAH SARAF
8,"drg. Haryadi Mangkuto, Sp.BM",BEDAH MULUT
9,"drg. Shelvy Soetanto, Sp.KG",KONSERVASI GIGI
10,drg. Felix Waruwu,GIGI
11,drg. Sandra Kuswinar,GIGI
12,"dr. H. A. M. Hanif, Sp.PD-KKV, MARS, FINASIM",PENYAKIT DALAM
13,"DR. dr. Najirman, Sp.PD-KR, FINASIM",PENYAKIT DALAM
14,"dr. Fauzar, Sp.PD-KP, FINASIM",PENYAKIT DALAM
15,"dr. Deasy Natalia, MM, Sp.PD",PENYAKIT DALAM
16,"dr. Alex Chandra, Sp.PD",PENYAKIT DALAM
17,"dr. M. Agung Pratama Yudha, Sp.PD",PENYAKIT DALAM
18,"dr. Kurniawan S., Sp.KJ",KESEHATAN JIWA
19,"dr. Ariadi, Sp.KJ",KESEHATAN JIWA
20,"dr. Rina Gustia, Sp.DVE, Subsp. DA, FINSDV. FAADV",PENYAKIT KULIT DAN KELAMIN
21,"dr. Syarif Indra, Sp.N (K)",SARAF
22,"DR. dr. Restu Susanti, Sp.N (K), M.Biomed",SARAF
23,"dr. Ivan Mahendra Raditya, Sp.JP, Subsp. KI (K), FIHA",JANTUNG
24,"dr. Putri Handayani, Sp.JP, FHA",JANTUNG
25,"dr. Yose Ramda Ilhami, Sp.JP, Subsp.I.K.Kv.(K)",JANTUNG
26,"dr. Ananto Pratikno, Sp.OG,MARS",OBGYN
27,"DR. dr. Engga Lift Irwanto, Sp.OG(K), MM(RS), M.Kes,",OBGYN
28,"dr. Mashdarul Ma'arif, M.Ked(OG), Sp.OG",OBGYN
29,"dr. Ranni Fistri Khaisari, Sp.OG",OBGYN
30,"dr. Alfa Febrianda, Sp.OG",OBGYN
31,"dr. Mila Permatasari, Sp.OG",OBGYN
32,"DR. dr. Syamel Muhammad Sp.OG, Subsp. Onk",OBGYN
33,"dr. Ade Nofendra, Sp.A, Subsp.HO(K)",HO ANAK
34,"dr. Mayetti, Sp.A (K) IBCLC",ANAK
35,"dr. Eka Agustia Rini, Sp.A (K)",ANAK
36,"dr. Yuni Handayani Gusmira, Sp.A, M.Ked (Ped)",ANAK
37,"dr. Ivanny Kosasih, Sp.A, CIMI",ANAK
38,"dr. Kemala Sayuti, Sp.M (K)",MATA
39,"dr. Harmen, Sp.M (K)",MATA
40,"dr. Pattih Primasakti, Sp.M ",MATA
41,"dr. Oea Khairsyaf, Sp.P (K), MARS, FISR",PARU
42,"dr. Irvan Medison, Sp.P (K), FISR, FAPSR",PARU
43,"dr. Kornelis Aribowo, Sp.P",PARU
44,"DR. dr. Al Hafiz, Sp.THT-BKL (K)",THT
45,"dr. Irwan Triansyah, Sp.THT-BKL",THT
46,"dr. Risky Ilona Saputra, SpN",SARAF
47,"dr. Novi Arius, Sp.S, M.Biomed",SARAF
48,"dr. Benni Raymond, Sp.BP-RE, Subsp. KM",BEDAH PLASTIK
49,"dr. Juni Mitra, Sp.B-KBD",BEDAH DIGESTIF
50,"dr. Edi Leonardo Simbolon, Sp.OT",BEDAH TULANG
51,"Dr. dr. Raveinal, Sp.PD-KAI, FINASIM",PENYAKIT DALAM
52,"dr. Muthia Faurin, Sp.PD",PENYAKIT DALAM
53,"dr. Dian Budianti Amalina, M.Ked (KJ), Sp.KJ",KESEHATAN JIWA
54,"dr. Aris Albirru A, M.Ked (Cardio), Sp.JP",JANTUNG
55,"dr. Aris Albirru A, M.Ked (Cardio), Sp.JP",JANTUNG
56,"dr. Ellya Taher, Sp.M, M.KM",MATA
57,"dr. Novialdi, Sp.THT-KL (K)",THT
