Tanggal;IGD;Ruangan Umum;IRJ
01/01/21;7;68;50
02/01/21;13;30;21
03/01/21;16;64;48
04/01/21;10;68;29
05/01/21;18;25;43
06/01/21;13;59;27
07/01/21;17;52;35
08/01/21;9;58;32
09/01/21;9;43;39
10/01/21;9;60;26
11/01/21;18;29;35
12/01/21;10;44;27
13/01/21;8;44;20
14/01/21;6;30;48
15/01/21;20;56;33
16/01/21;9;61;43
17/01/21;8;58;26
18/01/21;11;33;41
19/01/21;13;27;49
20/01/21;9;61;23
21/01/21;12;22;26
22/01/21;5;67;28
23/01/21;19;57;35
24/01/21;7;67;37
25/01/21;16;52;30
26/01/21;8;57;48
27/01/21;16;30;49
28/01/21;11;69;23
29/01/21;14;32;43
30/01/21;9;27;41
31/01/21;15;35;43